{
  "protocol": "AzothUniversalSensoryOptima",
  "version": "2.3",
  "timestamp": "2026-01-06T15:15:10.685088Z",
  "H7": 0.7,
  "triad": {
    "E": 9.996140170200976,
    "I": 0.6410017379438014,
    "C": 3.904653525752761
  },
  "channels": {
    "photon": {
      "lambda_star": 549.791492910759,
      "score_raw": 9.99302169185455,
      "score_norm": 0.0
    },
    "vibration": {
      "lambda_star": 420.1000834028357,
      "score_raw": 9.997886698485308,
      "score_norm": 0.9999997944504765
    },
    "chemical": {
      "lambda_star": 619.8498748957464,
      "score_raw": 9.99751212026307,
      "score_norm": 0.9230054193809281
    }
  },
  "regime_hash": "57eb2afee71edb79188e185eb6e1a8bd1d68f119f94f2e950282e15846462eb1",
  "sha256": "09ea8d6e621516f97fff28441881da9104bbee5d98d20e29b3a8ea297a8f8d64"
}