{
  "protocol": "AzothUniversalSensoryOptima",
  "version": "2.6.1",
  "timestamp": "2026-01-06T16:11:07.362912Z",
  "H7": 0.7,
  "window_size": 5,
  "triad": {
    "E": 9.996140170200976,
    "I": 0.6410018695696728,
    "C": 6.050572095888031
  },
  "dphi_proxy": 0.0589981304303272,
  "channels": {
    "photon": {
      "lambda_star": 549.791492910759,
      "score_raw": 9.99302169185455,
      "score_norm": 0.0
    },
    "vibration": {
      "lambda_star": 420.1000834028357,
      "score_raw": 9.997886698485308,
      "score_norm": 0.9999999997944503
    },
    "chemical": {
      "lambda_star": 619.8498748957464,
      "score_raw": 9.99751212026307,
      "score_norm": 0.9230056089145677
    }
  },
  "regime_material": "AZOTH|2.6.1|WINDOW=5|LAM=300..800|N=1200",
  "regime_hash": "8a02b7d6c34061b2b79b6d8084f204b4acb2a9bd1e781bc7c85d1f57686532c1",
  "sha256": "e323e43738d6b2c1698ac72ae9a89c9ac97340aa8bfa4b6f3fb70b0de6e8df96"
}