{
  "protocol": "AzothUniversalSensoryOptima",
  "version": "2.1",
  "timestamp": "2026-01-06T14:17:14.208451Z",
  "H7": 0.7,
  "channels": {
    "photon": {
      "lambda_star": 549.791492910759,
      "score_raw": 9.99302169185455,
      "score_norm": 0.0
    },
    "vibration": {
      "lambda_star": 420.1000834028357,
      "score_raw": 9.997886698485308,
      "score_norm": 0.9999997944504765
    },
    "chemical": {
      "lambda_star": 619.8498748957464,
      "score_raw": 9.99751212026307,
      "score_norm": 0.9230054193809281
    }
  },
  "C_effective": 0.6410017379438014,
  "regime_hash": "b95d88e3c70dc037c3d3b88312be23aa2ff5b3fd8b68b1bae6da59f3e53e88d0",
  "sha256": "6ecde6f51d8dd1076b8764619531817a063b0c2e223bd651ec17dabf8281a4e2",
  "bytes": 571
}