{
  "protocol": "AzothUniversalSensoryOptima",
  "version": "2.2",
  "timestamp": "2026-01-06T14:52:38.612751Z",
  "H7": 0.7,
  "channels": {
    "photon": {
      "lambda_star": 549.791492910759,
      "score_raw": 9.99302169185455,
      "score_norm": 0.0
    },
    "vibration": {
      "lambda_star": 420.1000834028357,
      "score_raw": 9.997886698485308,
      "score_norm": 0.9999999997944503
    },
    "chemical": {
      "lambda_star": 619.8498748957464,
      "score_raw": 9.99751212026307,
      "score_norm": 0.9230056089145677
    }
  },
  "C_effective": 0.6410018695696728,
  "regime_hash": "a8f02b8ed07b187e9db203a5846ced3c76847356f4fe6802793fa05c3687177f",
  "sha256": "316affe176ccca4f2002ef98a2f274383878f4a0539517885e4197f79af77b10",
  "bytes": 571
}