{
  "protocol": "AzothTriadicSensory",
  "version": "1.5",
  "timestamp": "2026-01-05T15:42:27.688374Z",
  "channels": {
    "photon": {
      "lambda_star": 549.791492910759,
      "score": 4.990338134582932
    },
    "vibration": {
      "lambda_star": 420.1000834028357,
      "score": 4.99444591684479
    },
    "chemical": {
      "lambda_star": 619.8498748957464,
      "score": 4.995569915395607
    }
  },
  "H7": 0.7,
  "C_effective": 4.993451322274443,
  "hash": "9a068c5218ffa78d92d5cd694b636c2b71dff46a17ac4dd31377aaeeff1e5f33"
}