{
  "protocol": "AzothTriadicSensory",
  "version": "1.2",
  "timestamp": "2026-01-05T15:39:09.738859Z",
  "channels": {
    "photon": {
      "lambda_star": 549.791492910759,
      "score": 4.990338134582932
    },
    "vibration": {
      "lambda_star": 420.1000834028357,
      "score": 4.99444591684479
    },
    "chemical": {
      "lambda_star": 619.8498748957464,
      "score": 4.995569915395607
    }
  },
  "H7": 0.7,
  "C_effective": 4.993451322274443,
  "hash": "448a3b53600abffe510ea332f1af9b5ed4466bf8036be1af1c1f5a8356e059b5"
}