{
  "protocol": "AzothUniversalSensoryOptima",
  "version": "1.6",
  "timestamp": "2026-01-05T15:51:12.076591Z",
  "channels": {
    "photon": {
      "lambda_star": 549.791492910759,
      "score": 4.990338134582932
    },
    "vibration": {
      "lambda_star": 420.1000834028357,
      "score": 4.99444591684479
    },
    "chemical": {
      "lambda_star": 619.8498748957464,
      "score": 4.995569915395607
    }
  },
  "H7": 0.7,
  "C_effective": 4.993451322274443,
  "hash": "19bfee7cfcee5698946d6ad85aa5a91716100e617d611c3cdff6368387070122"
}