{
  "protocol": "AzothUniversalSensoryOptima",
  "version": "2.2",
  "timestamp": "2026-01-06T15:04:47.810866Z",
  "H7": 0.7,
  "channels": {
    "photon": {
      "lambda_star": 549.791492910759,
      "score_raw": 9.99302169185455,
      "score_norm": 0.0
    },
    "vibration": {
      "lambda_star": 420.1000834028357,
      "score_raw": 9.997886698485308,
      "score_norm": 0.9999997944504765
    },
    "chemical": {
      "lambda_star": 619.8498748957464,
      "score_raw": 9.99751212026307,
      "score_norm": 0.9230054193809281
    }
  },
  "C_effective": 0.6410017379438014,
  "regime_hash": "73ed8776fcd0bdded545cd20ce5791898348152a159d0de06237d33ae48361f8",
  "sha256": "50e7c8fe5f2199adf3fe5d07e35e223bd2b42fc817ab32199b5102425a1d4586",
  "bytes": 571
}