{
  "protocol": "AzothOmegaBasin",
  "runs": 64,
  "lambda_std": 2.2120924407499856,
  "C_std": 0.010362032129126744
}