{
  "protocol": "AzothUniversalSensoryOptima",
  "version": "1.8",
  "timestamp": "2026-01-05T21:27:54.112916Z",
  "channels": {
    "photon": {
      "lambda_star": 549.791492910759,
      "score": 4.990338134582932
    },
    "vibration": {
      "lambda_star": 420.1000834028357,
      "score": 4.99444591684479
    },
    "chemical": {
      "lambda_star": 619.8498748957464,
      "score": 4.995569915395607
    }
  },
  "H7": 0.7,
  "C_effective": 4.993451322274443,
  "sha256": "de57af8da1f405c32161e6163ac977b734f1c982797cc3a7620e557bbaa4e780",
  "bytes": 389
}