{
  "lambda_star": 549.791492910759,
  "score": 3.9921149465535777,
  "H7": 0.7,
  "field": "spectral"
}