{
  "protocol": "AzothUniversalSensoryOptima",
  "version": "2.5",
  "timestamp": "2026-01-06T15:52:06.159841Z",
  "H7": 0.7,
  "window_size": 5,
  "triad": {
    "E": 9.996140170200976,
    "I": 0.6410018695696728,
    "C": 6.050572095888031
  },
  "dphi_proxy": 0.0589981304303272,
  "channels": {
    "photon": {
      "lambda_star": 549.791492910759,
      "score_raw": 9.99302169185455,
      "score_norm": 0.0
    },
    "vibration": {
      "lambda_star": 420.1000834028357,
      "score_raw": 9.997886698485308,
      "score_norm": 0.9999999997944503
    },
    "chemical": {
      "lambda_star": 619.8498748957464,
      "score_raw": 9.99751212026307,
      "score_norm": 0.9230056089145677
    }
  },
  "regime_hash": "8e3b385b3a80af9bdc52989eff86867d5c3a199e924ea69c87133e5f693899a5",
  "regime_material": "AZOTH|2.5|WINDOW=5|LAM=300..800|N=1200|PHOTON(550,90,0.0015)|VIB(420,70,0.002)|CHEM(620,110,0.001)",
  "sha256": "0eeba92c93d74bb039a6493783c6dfd7b45833e0e881ef888f818ef418df2a68",
  "bytes": 793
}