{
  "protocol": "AzothUniversalSensoryOptima",
  "version": "1.7",
  "timestamp": "2026-01-05T15:57:44.318676Z",
  "channels": {
    "photon": {
      "lambda_star": 549.791492910759,
      "score": 4.990338134582932
    },
    "vibration": {
      "lambda_star": 420.1000834028357,
      "score": 4.99444591684479
    },
    "chemical": {
      "lambda_star": 619.8498748957464,
      "score": 4.995569915395607
    }
  },
  "H7": 0.7,
  "C_effective": 4.993451322274443,
  "hash": "7b2eea0e22544077d5204735611929a82f4f5f9c8baa3d5b35c2e018aef44279"
}