{
  "protocol": "AzothUniversalSensoryOptima",
  "version": "2.2",
  "timestamp": "2026-01-06T14:49:57.554529Z",
  "H7": 0.7,
  "coherence_space": {
    "range": [
      0.0,
      1.0
    ],
    "reference": "H7",
    "interpretation": "normalized score_norm average (\u0394\u03a6-compatible coherence scalar)"
  },
  "normalization": {
    "method": "minmax",
    "scores_raw_min": 9.99302169185455,
    "scores_raw_max": 9.997886698485308,
    "epsilon": 1e-12
  },
  "channels": {
    "photon": {
      "lambda_star": 549.791492910759,
      "score_raw": 9.99302169185455,
      "score_norm": 0.0
    },
    "vibration": {
      "lambda_star": 420.1000834028357,
      "score_raw": 9.997886698485308,
      "score_norm": 0.9999999997944503
    },
    "chemical": {
      "lambda_star": 619.8498748957464,
      "score_raw": 9.99751212026307,
      "score_norm": 0.9230056089145677
    }
  },
  "C_effective": 0.6410018695696728,
  "regime_hash": "73ed8776fcd0bdded545cd20ce5791898348152a159d0de06237d33ae48361f8",
  "sha256": "78499890ef247e7e8dc03a79282dc4a2218b160171edb60edf5987b8ea56f671",
  "bytes": 856
}