{
  "protocol": "AzothUniversalSensoryOptima",
  "version": "2.2",
  "timestamp": "2026-01-06T15:02:18.509311Z",
  "H7": 0.7,
  "channels": {
    "photon": {
      "lambda_star": 549.791492910759,
      "score_raw": 9.99302169185455,
      "score_norm": 0.0
    },
    "vibration": {
      "lambda_star": 420.1000834028357,
      "score_raw": 9.997886698485308,
      "score_norm": 0.9999997944504765
    },
    "chemical": {
      "lambda_star": 619.8498748957464,
      "score_raw": 9.99751212026307,
      "score_norm": 0.9230054193809281
    }
  },
  "C_effective": 0.6410017379438014,
  "regime_hash": "73ed8776fcd0bdded545cd20ce5791898348152a159d0de06237d33ae48361f8",
  "sha256": "0866a0db0c56323c339163414f2645deefa49d45cd29b17b49dc45c106e9bbe8",
  "bytes": 571
}