{
  "protocol": "AzothUniversalSensoryOptima",
  "version": "2.4",
  "timestamp": "2026-01-06T15:29:05.318064Z",
  "H7": 0.7,
  "triad": {
    "E": 9.996140170200976,
    "I": 0.6410018695696728,
    "C": 6.050572095888031
  },
  "dphi_proxy": 0.0589981304303272,
  "channels": {
    "photon": {
      "lambda_star": 549.791492910759,
      "score_raw": 9.99302169185455,
      "score_norm": 0.0
    },
    "vibration": {
      "lambda_star": 420.1000834028357,
      "score_raw": 9.997886698485308,
      "score_norm": 0.9999999997944503
    },
    "chemical": {
      "lambda_star": 619.8498748957464,
      "score_raw": 9.99751212026307,
      "score_norm": 0.9230056089145677
    }
  },
  "regime_hash": "7a65b99aa4892bc364b3913a335d6f43dda2c1f980c3872b7ab8464fd3f01658",
  "sha256": "9dc6d345414534162124b7a7c766c7df79c7addb91101ce9fe69fa5ef5e47d99",
  "bytes": 654
}