{
  "protocol": "AzothUniversalSensoryOptima",
  "version": "1.9",
  "timestamp": "2026-01-05T21:31:28.376055Z",
  "channels": {
    "photon": {
      "lambda_star": 549.791492910759,
      "score": 4.990338134582932
    },
    "vibration": {
      "lambda_star": 420.1000834028357,
      "score": 4.99444591684479
    },
    "chemical": {
      "lambda_star": 619.8498748957464,
      "score": 4.995569915395607
    }
  },
  "H7": 0.7,
  "C_effective": 4.993451322274443,
  "sha256": "da04cb1caad87e1a090c95f242cdb74c4f93c73bf2545e4c1cfa365207dcce39",
  "bytes": 389
}