{
  "protocol": "AzothUniversalSensoryOptima",
  "version": "2.0",
  "timestamp": "2026-01-06T12:25:16.348636Z",
  "H7": 0.7,
  "channels": {
    "photon": {
      "lambda_star": 549.791492910759,
      "score": 9.99302169185455
    },
    "vibration": {
      "lambda_star": 420.1000834028357,
      "score": 9.997886698485308
    },
    "chemical": {
      "lambda_star": 619.8498748957464,
      "score": 9.99751212026307
    }
  },
  "C_effective": 9.996140170200976,
  "sha256": "caaf8aa7f4fbd0f6e31ab200fd4aae9a42945f045a09c978a2eb8b7473228bdf",
  "bytes": 388
}